{"stats":{"minecraft:killed":{"minecraft:sheep":4},"minecraft:custom":{"lootr:looted_stat":4,"minecraft:interact_with_furnace":1,"minecraft:mob_kills":4,"minecraft:interact_with_crafting_table":13,"goblintraders:trade_with_goblin":1,"minecraft:time_since_death":46959,"minecraft:climb_one_cm":709,"minecraft:time_since_rest":46959,"minecraft:sprint_one_cm":44500,"minecraft:damage_taken":571,"minecraft:walk_one_cm":98946,"minecraft:drop":3,"minecraft:damage_dealt":328,"minecraft:fly_one_cm":90163,"minecraft:crouch_one_cm":2888,"minecraft:play_time":46959,"minecraft:sneak_time":898,"minecraft:walk_under_water_one_cm":1338,"minecraft:jump":509,"minecraft:walk_on_water_one_cm":7684,"minecraft:total_world_time":46959,"minecraft:fall_one_cm":19687},"minecraft:picked_up":{"cobblemon:leaf_stone":3,"travelersbackpack:bat":2,"minecraft:crafting_table":3,"minecraft:air":0,"minecraft:feather":2,"minecraft:chicken":4,"minecraft:jungle_log":11,"minecraft:andesite":1,"minecraft:tuff":2,"minecraft:amethyst_block":11,"megamons:anistarite_geode_block":35,"minecraft:dirt":19,"minecraft:string":1,"minecraft:raw_copper":126,"gobber2:gobber2_gooey_beef":1,"minecraft:wheat_seeds":3,"minecraft:raw_gold":1,"minecraft:cobbled_deepslate":8,"cobblemon:green_apricorn":10,"cobblemon:dusk_stone":1,"minecraft:rabbit":2,"minecraft:egg":1,"cobblemon:chilan_berry":1,"cobblemon:sun_stone":1,"minecraft:stick":3,"minecraft:raw_iron":5,"minecraft:copper_ingot":8,"cobblemon:blue_apricorn_seed":2,"minecraft:porkchop":2,"minecraft:jungle_planks":64,"minecraft:amethyst_shard":92,"minecraft:redstone":59,"minecraft:rabbit_foot":1,"gobber2:gobber2_foo":1,"minecraft:cobblestone":44,"minecraft:coal":72,"minecraft:mutton":7,"cobblemon:blue_apricorn":5,"gobber2:gobber2_goo":2,"minecraft:white_wool":4},"minecraft:used":{"minecraft:stone_pickaxe":157,"minecraft:wooden_pickaxe":3,"travelersbackpack:bat":2,"minecraft:dirt":1,"minecraft:crafting_table":5,"minecraft:wooden_axe":11,"minecraft:iron_pickaxe":109},"minecraft:crafted":{"minecraft:emerald":1,"minecraft:crafting_table":2,"minecraft:wooden_pickaxe":1,"minecraft:air":12,"minecraft:jungle_planks":35,"minecraft:stick":8,"minecraft:iron_ingot":0,"minecraft:iron_pickaxe":1,"minecraft:stone_pickaxe":1,"minecraft:wooden_axe":1},"minecraft:mined":{"minecraft:deepslate_redstone_ore":9,"minecraft:tuff":2,"megamons:anistarite_geode_block":40,"minecraft:amethyst_cluster":18,"minecraft:crafting_table":3,"minecraft:grass_block":3,"minecraft:calcite":2,"minecraft:jungle_log":5,"minecraft:copper_ore":34,"minecraft:deepslate_gold_ore":1,"megamons:crystal_dusk_stone_ore":1,"minecraft:amethyst_block":14,"travelersbackpack:bat":1,"minecraft:andesite":1,"gobber2:gobber2_lucky_block_deepslate":4,"minecraft:grass":1,"minecraft:coal_ore":79,"minecraft:deepslate_iron_ore":5,"minecraft:vine":4,"minecraft:dirt":9,"minecraft:stone":43,"megamons:crystal_leaf_stone_ore":3,"minecraft:deepslate":8},"minecraft:dropped":{"minecraft:rabbit_foot":1,"minecraft:andesite":1,"minecraft:egg":1}},"DataVersion":3465}