{"stats":{"minecraft:killed":{"minecraft:zombified_piglin":1,"minecraft:slime":3,"minecraft:skeleton":2,"cobblemon:pokemon":1,"minecraft:wandering_trader":1,"minecraft:sheep":4,"minecraft:zombie":3},"minecraft:picked_up":{"cobblemon:leaf_stone":3,"minecraft:crafting_table":8,"minecraft:wheat":28,"minecraft:azure_bluet":1,"travelersbackpack:bat":2,"minecraft:chicken":5,"minecraft:anvil":1,"minecraft:lead":2,"minecraft:diamond_sword":2,"minecraft:oak_stairs":2,"minecraft:enchanted_book":2,"minecraft:amethyst_block":11,"minecraft:cornflower":2,"minecraft:string":5,"minecraft:raw_copper":442,"gobber2:gobber2_globette_end":3,"minecraft:netherite_ingot":2,"minecraft:cracked_stone_bricks":1,"minecraft:cobbled_deepslate":1983,"cobblemon:green_apricorn":10,"minecraft:netherite_sword":2,"minecraft:beef":5,"cobblemon:oran_berry":1,"minecraft:observer":2,"minecraft:poppy":2,"cobblemon:dusk_stone":1,"minecraft:sugar_cane":9,"minecraft:chest":5,"minecraft:egg":1,"minecraft:stick":174,"minecraft:raw_iron":107,"gobber2:gobber2_glob_end":8,"minecraft:copper_ingot":8,"minecraft:torch":4,"minecraft:porkchop":4,"minecraft:polished_blackstone_bricks":4,"gobber2:gobber2_foo_end":2,"minecraft:diorite":4,"minecraft:redstone":210,"minecraft:rabbit_foot":1,"minecraft:brown_carpet":1,"gobber2:gobber2_foo":7,"gobber2:gobber2_globette_nether":2,"minecraft:arrow":1,"minecraft:honey_bottle":1,"minecraft:rotten_flesh":7,"minecraft:obsidian":128,"minecraft:mutton":7,"cobblemon:blue_apricorn":5,"minecraft:white_wool":5,"minecraft:cobblestone":1178,"minecraft:oxeye_daisy":2,"gobber2:gobber2_rod_end":1,"minecraft:stripped_oak_log":10,"minecraft:air":0,"minecraft:feather":3,"minecraft:andesite":333,"minecraft:jungle_log":11,"minecraft:leather":1,"minecraft:potato":1,"minecraft:filled_map":1,"minecraft:flint":20,"minecraft:tuff":68,"minecraft:oak_log":866,"minecraft:ancient_debris":1,"gobber2:gobber2_gooey_bread_nether":1,"minecraft:lapis_lazuli":102,"gobber2:gobber2_pickaxe_end":1,"megamons:anistarite_geode_block":35,"minecraft:dirt":1048,"minecraft:bone":3,"minecraft:apple":28,"minecraft:stone_bricks":194,"gobber2:gobber2_gooey_beef":7,"minecraft:wheat_seeds":59,"minecraft:raw_gold":80,"ironfurnaces:augment_speed":1,"cobblemon:thunder_stone":7,"gobber2:gobber2_globette":127,"minecraft:mossy_stone_bricks":2,"gobber2:gobber2_gooey_beefstew_nether":1,"minecraft:rabbit":2,"minecraft:oak_planks":91,"minecraft:honeycomb":1,"gobber2:gobber2_gooey_bread":9,"cobblemon:chilan_berry":1,"cobblemon:sun_stone":4,"gobber2:gobber2_rod_nether":2,"minecraft:dandelion":6,"cobblemon:blue_apricorn_seed":2,"minecraft:gravel":153,"minecraft:sand":40,"minecraft:jungle_planks":108,"minecraft:amethyst_shard":92,"cobblemon:persim_berry":2,"minecraft:white_bed":1,"minecraft:pumpkin_seeds":11,"minecraft:slime_ball":2,"minecraft:diamond":35,"minecraft:cracked_polished_blackstone_bricks":2,"minecraft:granite":23,"minecraft:diamond_axe":1,"minecraft:oak_sapling":232,"ironfurnaces:emerald_furnace":1,"minecraft:coal":134,"gobber2:gobber2_goo":13,"minecraft:hopper":1,"minecraft:diamond_pickaxe":2},"minecraft:custom":{"minecraft:interact_with_smithing_table":4,"lootr:looted_stat":17,"minecraft:interact_with_anvil":3,"minecraft:mob_kills":15,"minecraft:inspect_hopper":26,"minecraft:interact_with_crafting_table":84,"goblintraders:trade_with_goblin":3,"minecraft:leave_game":1,"minecraft:time_since_death":73068,"minecraft:climb_one_cm":849,"minecraft:sprint_one_cm":275949,"minecraft:walk_one_cm":1156870,"minecraft:drop":98,"minecraft:play_time":296241,"minecraft:sneak_time":5404,"minecraft:deaths":4,"minecraft:walk_under_water_one_cm":21292,"minecraft:jump":2138,"minecraft:walk_on_water_one_cm":17044,"minecraft:total_world_time":296241,"minecraft:interact_with_furnace":76,"minecraft:time_since_rest":73108,"minecraft:damage_taken":7333,"minecraft:damage_dealt":2151,"minecraft:fly_one_cm":436352,"minecraft:open_chest":255,"minecraft:crouch_one_cm":19393,"minecraft:fall_one_cm":45407},"minecraft:crafted":{"minecraft:oak_planks":222,"minecraft:furnace":1,"minecraft:diamond_shovel":1,"ironchest:gold_to_diamond_chest_upgrade":1,"minecraft:glass_pane":16,"minecraft:hopper":7,"minecraft:iron_axe":2,"minecraft:stone_pickaxe":1,"minecraft:chest":20,"minecraft:stone_bricks":131,"ironchest:diamond_to_obsidian_chest_upgrade":1,"minecraft:oak_fence":12,"ironchest:wood_to_iron_chest_upgrade":2,"minecraft:emerald":3,"minecraft:crafting_table":5,"minecraft:wooden_pickaxe":1,"minecraft:copper_ingot":0,"minecraft:bucket":4,"minecraft:air":1496,"minecraft:jungle_planks":35,"minecraft:stone_brick_stairs":20,"ironchest:iron_to_gold_chest_upgrade":1,"minecraft:diamond_pickaxe":1,"minecraft:stick":35,"minecraft:iron_ingot":9,"minecraft:iron_pickaxe":1,"minecraft:oak_stairs":92,"minecraft:wooden_axe":1,"minecraft:iron_shovel":1,"minecraft:torch":21},"minecraft:used":{"gobber2:gobber2_pickaxe_end":266,"ironchest:wood_to_iron_chest_upgrade":3,"minecraft:oak_fence":18,"minecraft:netherite_sword":1,"gobber2:gobber2_goo":1,"minecraft:iron_shovel":558,"minecraft:light_gray_stained_glass_pane":7,"minecraft:oak_sign":8,"gobber2:gobber2_pickaxe_nether":2995,"minecraft:diamond_hoe":586,"gobber2:gobber2_gooey_bread":1,"minecraft:chest":18,"minecraft:jungle_hanging_sign":1,"travelersbackpack:bat":4,"minecraft:torch":17,"minecraft:anvil":1,"minecraft:dirt":105,"minecraft:hopper":6,"minecraft:jungle_planks":41,"minecraft:carrot":55,"minecraft:wooden_axe":21,"minecraft:birch_door":4,"minecraft:lava_bucket":2,"minecraft:mangrove_stairs":198,"minecraft:lantern":6,"minecraft:iron_axe":547,"minecraft:oak_stairs":119,"minecraft:stone_brick_stairs":23,"minecraft:melon_seeds":36,"minecraft:stone_bricks":668,"minecraft:brown_carpet":9,"ironchest:obsidian_chest":27,"minecraft:oak_sapling":67,"minecraft:furnace":1,"minecraft:beetroot_seeds":27,"minecraft:acacia_fence":24,"minecraft:potato":49,"minecraft:cobbled_deepslate":87,"minecraft:observer":2,"minecraft:wheat_seeds":84,"minecraft:water_bucket":11,"gobber2:gobber2_pickaxe":241,"minecraft:diorite":1,"ironchest:gold_to_diamond_chest_upgrade":3,"minecraft:stone_pickaxe":157,"minecraft:polished_andesite":1,"minecraft:oak_planks":971,"minecraft:wooden_pickaxe":3,"minecraft:sugar_cane":9,"minecraft:jungle_wood":1,"minecraft:crafting_table":12,"minecraft:pumpkin_seeds":37,"minecraft:oak_log":341,"minecraft:diamond_pickaxe":400,"minecraft:diamond_shovel":1005,"minecraft:light_gray_concrete":3,"minecraft:iron_pickaxe":245,"ironchest:diamond_to_obsidian_chest_upgrade":3,"minecraft:oak_pressure_plate":4,"ironchest:iron_to_gold_chest_upgrade":3,"minecraft:gravel":1,"minecraft:cobblestone":5,"ironfurnaces:emerald_furnace":1,"minecraft:bucket":8,"minecraft:glass_pane":49,"minecraft:stripped_oak_log":1,"minecraft:bone_meal":15},"minecraft:broken":{"minecraft:golden_boots":1,"minecraft:wooden_axe":1},"minecraft:killed_by":{"minecraft:player":1},"minecraft:mined":{"minecraft:tuff":78,"minecraft:oak_sapling":5,"minecraft:farmland":3,"minecraft:deepslate_diamond_ore":10,"minecraft:granite":25,"minecraft:grass_block":997,"gobber2:gobber2_ore_deepslate":30,"minecraft:jungle_planks":41,"gobber2:gobber2_lucky_block":9,"minecraft:jungle_log":5,"megamons:crystal_dusk_stone_ore":1,"minecraft:hopper":1,"minecraft:oxeye_daisy":2,"travelersbackpack:bat":1,"minecraft:iron_ore":6,"minecraft:cobbled_deepslate":2,"minecraft:andesite":302,"minecraft:anvil":1,"minecraft:deepslate_lapis_ore":4,"minecraft:dirt_path":2,"minecraft:vine":4,"minecraft:deepslate_iron_ore":29,"minecraft:stripped_oak_log":10,"minecraft:stone":1080,"megamons:crystal_leaf_stone_ore":3,"minecraft:deepslate_redstone_ore":30,"megamons:anistarite_geode_block":40,"minecraft:amethyst_cluster":18,"minecraft:brown_carpet":1,"minecraft:observer":1,"minecraft:dandelion":7,"minecraft:crafting_table":8,"minecraft:cornflower":2,"minecraft:torch":1,"minecraft:calcite":2,"minecraft:poppy":2,"minecraft:chest":5,"minecraft:copper_ore":36,"minecraft:cobblestone":6,"ironfurnaces:emerald_furnace":1,"minecraft:oak_planks":72,"minecraft:deepslate_gold_ore":25,"minecraft:sugar_cane":7,"minecraft:diorite":5,"minecraft:wall_torch":2,"minecraft:amethyst_block":14,"minecraft:deepslate_copper_ore":30,"cobblemon:deepslate_thunder_stone_ore":1,"gobber2:gobber2_lucky_block_deepslate":24,"minecraft:grass":230,"minecraft:oak_log":26,"minecraft:coal_ore":98,"minecraft:gravel":182,"minecraft:sand":41,"minecraft:dirt":96,"minecraft:cracked_stone_bricks":1,"cobblemon:sun_stone_ore":1,"minecraft:stone_bricks":188,"minecraft:mossy_stone_bricks":2,"minecraft:oak_leaves":19,"minecraft:deepslate":2173},"minecraft:dropped":{"minecraft:water_bucket":1,"minecraft:diamond_axe":1,"minecraft:oak_log":128,"minecraft:diamond_leggings":1,"minecraft:feather":1,"minecraft:cobblestone":339,"cobblemon:persim_berry":1,"minecraft:leather":1,"minecraft:jungle_planks":3,"minecraft:granite":23,"minecraft:emerald":1,"minecraft:oxeye_daisy":2,"minecraft:lava_bucket":1,"minecraft:cracked_polished_blackstone_bricks":1,"minecraft:dirt":1,"minecraft:cornflower":2,"minecraft:polished_blackstone_bricks":3,"minecraft:string":3,"minecraft:dandelion":6,"minecraft:redstone":51,"minecraft:gravel":133,"minecraft:netherite_ingot":1,"minecraft:cobbled_deepslate":1470,"minecraft:tuff":49,"minecraft:netherite_sword":2,"minecraft:rotten_flesh":3,"minecraft:azure_bluet":1,"minecraft:rabbit_foot":1,"minecraft:poppy":2,"minecraft:stone":3,"minecraft:diamond_pickaxe":2,"minecraft:andesite":96,"minecraft:hopper":1,"minecraft:oak_sapling":11,"minecraft:stone_bricks":6,"minecraft:beef":5,"minecraft:egg":1}},"DataVersion":3465}