{"stats":{"minecraft:custom":{"lootr:looted_stat":29,"minecraft:interact_with_crafting_table":62,"minecraft:open_barrel":18,"goblintraders:trade_with_goblin":53,"minecraft:leave_game":7,"minecraft:time_since_death":12960,"minecraft:sprint_one_cm":505843,"minecraft:drop":223,"minecraft:talked_to_villager":1,"minecraft:play_time":286106,"minecraft:deaths":9,"minecraft:jump":3008,"minecraft:walk_on_water_one_cm":22687,"minecraft:interact_with_furnace":81,"minecraft:damage_dealt":1406,"minecraft:player_kills":1,"minecraft:crouch_one_cm":11768,"minecraft:horse_one_cm":3114,"minecraft:interact_with_smithing_table":1,"minecraft:mob_kills":5,"minecraft:interact_with_anvil":2,"minecraft:inspect_hopper":4,"minecraft:climb_one_cm":2464,"minecraft:walk_one_cm":580327,"minecraft:sneak_time":4602,"minecraft:walk_under_water_one_cm":18243,"minecraft:total_world_time":286106,"minecraft:time_since_rest":12989,"minecraft:damage_taken":4363,"minecraft:swim_one_cm":85658,"minecraft:fly_one_cm":1734659,"minecraft:open_chest":99,"minecraft:fall_one_cm":107007},"minecraft:broken":{"minecraft:wooden_axe":4},"minecraft:picked_up":{"minecraft:seagrass":2,"minecraft:wheat":32,"travelersbackpack:bat":1,"minecraft:lead":3,"minecraft:oak_stairs":1,"minecraft:enchanted_book":1,"minecraft:string":3,"minecraft:raw_copper":100,"gobber2:gobber2_globette_end":84,"gobber2:gobber2_glass_nether":1,"minecraft:netherite_ingot":1,"minecraft:purple_banner":2,"minecraft:cobbled_deepslate":87,"minecraft:diamond_leggings":1,"minecraft:gold_nugget":178,"cobblemon:oran_berry":1,"minecraft:ender_eye":1,"minecraft:melon_slice":81,"minecraft:furnace":1,"minecraft:stick":36,"cobblemon:apricorn_log":10,"minecraft:polished_blackstone_stairs":2,"minecraft:spruce_stairs":1,"minecraft:golden_axe":1,"gobber2:gobber2_foo_end":4,"minecraft:diorite":4,"gobber2:gobber2_foo":3,"minecraft:rotten_flesh":2,"gobber2:gobber2_glass_end":7,"minecraft:obsidian":1,"minecraft:cobblestone":1119,"minecraft:feather":1,"cobblemon:ultra_ball":11,"minecraft:water_bucket":1,"minecraft:jungle_log":352,"minecraft:andesite":100,"minecraft:tuff":18,"gobber2:gobber2_gooey_bread_nether":1,"megamons:anistarite_geode_block":35,"minecraft:dirt":426,"minecraft:lantern":10,"ironfurnaces:upgrade_obsidian2":1,"cobblemon:black_apricorn":284,"gobber2:gobber2_gooey_beef":5,"minecraft:wheat_seeds":24,"minecraft:raw_gold":59,"gobber2:gobber2_globette":44,"minecraft:oak_planks":2,"ironfurnaces:iron_furnace":3,"gobber2:gobber2_gooey_bread":3,"gobber2:gobber2_rod_nether":4,"minecraft:sand":21,"megamons:anistarite_rough_geode_block":1,"minecraft:diamond":17,"minecraft:cracked_polished_blackstone_bricks":2,"minecraft:granite":7,"minecraft:emerald":1,"minecraft:netherrack":69,"cobblemon:apricorn_leaves":44,"gobber2:gobber2_goo":5,"minecraft:diamond_pickaxe":1,"minecraft:crafting_table":10,"minecraft:chicken":1,"cobblemon:yellow_apricorn":169,"minecraft:gold_block":14,"minecraft:flint_and_steel":1,"minecraft:blackstone":2,"cobblemon:green_apricorn":5,"minecraft:netherite_sword":2,"minecraft:beef":3,"minecraft:jungle_sapling":15,"minecraft:spruce_slab":1,"minecraft:sugar_cane":1,"minecraft:chest":6,"minecraft:egg":1,"minecraft:raw_iron":79,"minecraft:stone":29,"minecraft:end_stone":52,"minecraft:polished_blackstone_bricks":2,"gobber2:gobber2_globette_nether":11,"minecraft:arrow":2,"gobber2:gobber2_gooey_beef_nether":3,"minecraft:gold_ingot":1,"gobber2:gobber2_rod_end":3,"gobber2:gobber2_gooey_beefstew":1,"minecraft:jungle_fence":2,"minecraft:oak_log":128,"minecraft:apple":3,"minecraft:stone_bricks":9,"ironfurnaces:augment_speed":8,"gobber2:gobber2_gooey_beefstew_nether":1,"minecraft:sweet_berries":3,"cobblemon:black_apricorn_seed":26,"minecraft:dandelion":2,"minecraft:quartz":120,"minecraft:lava_bucket":1,"minecraft:gravel":2,"cobblemon:yellow_apricorn_seed":22,"ironfurnaces:copper_furnace":3,"minecraft:diamond_axe":1,"ironfurnaces:emerald_furnace":3,"gobber2:gobber2_goo_nether":5,"minecraft:coal":353,"minecraft:hopper":7,"minecraft:ender_pearl":1},"minecraft:killed":{"minecraft:spider":1,"minecraft:skeleton":1,"minecraft:turtle":1,"minecraft:ender_dragon":1,"cobblemon:pokemon":1},"minecraft:crafted":{"minecraft:oak_planks":91,"gobber2:gobber2_pickaxe_nether":1,"ironfurnaces:iron_furnace":1,"minecraft:stone":0,"gobber2:gobber2_glob_end":9,"minecraft:diamond_shovel":1,"ironfurnaces:diamond_furnace":1,"minecraft:glass":2,"minecraft:quartz_block":30,"minecraft:chest":9,"gobber2:gobber2_ingot_end":3,"gobber2:gobber2_pickaxe":1,"minecraft:stone_bricks":99,"minecraft:golden_boots":2,"minecraft:emerald":4,"gobber2:gobber2_ingot":9,"gobber2:gobber2_ingot_nether":3,"gobber2:gobber2_glob_nether":1,"minecraft:crafting_table":8,"minecraft:wooden_pickaxe":1,"minecraft:smithing_table":1,"gobber2:gobber2_rod":2,"minecraft:copper_ingot":8,"minecraft:gold_block":1,"minecraft:diamond_pickaxe":3,"minecraft:stick":8,"minecraft:iron_ingot":78,"minecraft:iron_pickaxe":1,"minecraft:iron_block":3,"minecraft:gold_ingot":28,"minecraft:shears":1,"ironfurnaces:gold_furnace":1,"minecraft:furnace":2,"gobber2:gobber2_glob":4,"ironfurnaces:emerald_furnace":1,"gobber2:gobber2_pickaxe_end":1,"minecraft:stone_pickaxe":1,"minecraft:jungle_fence":3,"minecraft:netherite_pickaxe":1,"minecraft:stone_axe":2,"minecraft:air":904,"minecraft:jungle_planks":86,"ironfurnaces:copper_furnace":1,"minecraft:wooden_axe":4,"minecraft:oak_stairs":12,"minecraft:anvil":1,"cobblemon:ultra_ball":128},"minecraft:mined":{"minecraft:white_bed":1,"minecraft:obsidian":3,"minecraft:granite":10,"minecraft:grass_block":564,"gobber2:gobber2_ore_deepslate":15,"gobber2:gobber2_lucky_block":13,"minecraft:jungle_log":3,"minecraft:cracked_polished_blackstone_bricks":3,"minecraft:hopper":6,"minecraft:gilded_blackstone":1,"minecraft:spawner":4,"minecraft:polished_blackstone_bricks":4,"minecraft:magma_block":2,"gobber2:gobber2_ore":2,"minecraft:iron_ore":14,"minecraft:fire":30,"gobber2:gobber2_ore_nether":7,"minecraft:deepslate_lapis_ore":2,"minecraft:oak_stairs":1,"gobber2:gobber2_lucky_block_end":15,"minecraft:spruce_slab":1,"minecraft:deepslate_redstone_ore":1,"megamons:anistarite_geode_block":36,"minecraft:blackstone":4,"ironfurnaces:iron_furnace":3,"ironfurnaces:copper_furnace":3,"cobblemon:apricorn_leaves":48,"minecraft:melon":9,"gobber2:gobber2_lucky_block_nether":16,"minecraft:chest":8,"minecraft:nether_quartz_ore":49,"minecraft:cobblestone":23,"ironfurnaces:emerald_furnace":3,"minecraft:oak_planks":2,"gobber2:gobber2_ore_end":22,"cobblemon:deepslate_thunder_stone_ore":1,"minecraft:grass":52,"minecraft:sand":15,"minecraft:dirt":31,"minecraft:netherrack":154,"minecraft:oak_leaves":3,"minecraft:deepslate":136,"minecraft:nether_gold_ore":8,"minecraft:tuff":16,"minecraft:deepslate_diamond_ore":7,"minecraft:end_stone":63,"minecraft:furnace":1,"minecraft:andesite":107,"minecraft:gold_block":14,"minecraft:deepslate_iron_ore":42,"minecraft:vine":3,"minecraft:lantern":11,"minecraft:stone":1097,"megamons:anistarite_rough_geode_block":1,"minecraft:infested_stone_bricks":1,"minecraft:crafting_table":9,"minecraft:purple_wall_banner":2,"minecraft:tall_grass":3,"minecraft:copper_ore":14,"minecraft:deepslate_gold_ore":15,"minecraft:diorite":9,"minecraft:spruce_stairs":1,"minecraft:polished_blackstone_stairs":2,"gobber2:gobber2_lucky_block_deepslate":3,"minecraft:coal_ore":98,"minecraft:gravel":2,"cobblemon:sun_stone_ore":1,"minecraft:stone_bricks":17,"minecraft:gold_ore":6,"minecraft:fern":1},"minecraft:used":{"gobber2:gobber2_goo":4,"megamons:anistarite_rough_geode_block":1,"gobber2:gobber2_gooey_bread":1,"minecraft:chest":16,"goblintraders:vein_goblin_trader_spawn_egg":4,"minecraft:jungle_planks":34,"gobber2:gobber2_glass_nether":1,"minecraft:obsidian":13,"minecraft:lava_bucket":2,"minecraft:lantern":9,"minecraft:grass_block":7,"ironfurnaces:crystal_furnace":2,"minecraft:stone_bricks":375,"ironfurnaces:iron_furnace":3,"minecraft:bow":65,"minecraft:furnace":1,"minecraft:egg":1,"minecraft:golden_boots":1,"gobber2:gobber2_pickaxe":48,"minecraft:stone_pickaxe":68,"minecraft:jungle_fence":2,"minecraft:oak_planks":25,"minecraft:ender_pearl":1,"minecraft:wooden_pickaxe":3,"cobblemon:yellow_apricorn_seed":22,"minecraft:shears":45,"gobber2:gobber2_gooey_beefstew":1,"minecraft:melon_slice":5,"minecraft:oak_pressure_plate":2,"minecraft:smithing_table":1,"goblintraders:goblin_trader_spawn_egg":4,"minecraft:bone_meal":65,"gobber2:gobber2_pickaxe_end":79,"ironfurnaces:copper_furnace":3,"minecraft:flint_and_steel":30,"gobber2:gobber2_pickaxe_nether":295,"minecraft:netherrack":3,"minecraft:dirt":1,"minecraft:anvil":1,"minecraft:hopper":7,"minecraft:purple_banner":2,"minecraft:wooden_axe":4,"minecraft:oak_stairs":11,"gobber2:gobber2_gooey_beef":2,"minecraft:netherite_pickaxe":34,"minecraft:cooked_beef":7,"minecraft:cobbled_deepslate":4,"minecraft:golden_axe":10,"minecraft:water_bucket":4,"minecraft:lead":1,"minecraft:llama_spawn_egg":3,"minecraft:crafting_table":17,"cobblemon:black_apricorn_seed":27,"minecraft:white_bed":4,"minecraft:ender_eye":65,"cobblemon:apricorn_leaves":44,"minecraft:diamond_pickaxe":1354,"minecraft:diamond_shovel":599,"minecraft:command_block":4,"minecraft:oak_button":3,"minecraft:iron_pickaxe":225,"minecraft:stone_axe":30,"minecraft:cobblestone":60,"ironfurnaces:emerald_furnace":5,"minecraft:diamond_leggings":1},"minecraft:killed_by":{"minecraft:ghast":1},"minecraft:dropped":{"minecraft:diamond_axe":1,"gobber2:gobber2_gooey_beefstew_nether":1,"minecraft:crafting_table":1,"minecraft:jungle_fence":1,"minecraft:jungle_planks":108,"gobber2:gobber2_rod_nether":2,"minecraft:dirt":411,"minecraft:cracked_polished_blackstone_bricks":2,"gobber2:gobber2_goo_nether":5,"gobber2:gobber2_gooey_bread_nether":1,"minecraft:seagrass":2,"ironfurnaces:upgrade_obsidian2":1,"minecraft:jungle_sapling":11,"minecraft:gold_nugget":184,"minecraft:polished_blackstone_bricks":2,"minecraft:sand":8,"gobber2:gobber2_goo":1,"gobber2:gobber2_gooey_bread":2,"minecraft:gravel":2,"minecraft:blackstone":2,"minecraft:sugar_cane":1,"minecraft:ancient_debris":1,"minecraft:cobbled_deepslate":79,"minecraft:wheat":60,"minecraft:netherite_sword":2,"minecraft:obsidian":128,"minecraft:rotten_flesh":2,"minecraft:oak_planks":113,"minecraft:end_stone":52,"cobblemon:black_apricorn_seed":1,"minecraft:white_bed":1,"minecraft:quartz_block":30,"gobber2:gobber2_glob_end":8,"minecraft:spruce_slab":1,"minecraft:arrow":2,"minecraft:beef":3,"minecraft:netherrack":2,"minecraft:enchanted_book":3,"minecraft:wheat_seeds":24,"gobber2:gobber2_globette_nether":2,"minecraft:feather":1,"minecraft:cobblestone":167,"minecraft:observer":1,"gobber2:gobber2_globette_end":3,"minecraft:granite":7,"minecraft:copper_ingot":8,"minecraft:spruce_stairs":1,"cobblemon:oran_berry":1,"minecraft:polished_blackstone_stairs":2,"minecraft:stick":6,"cobblemon:apricorn_log":9,"gobber2:gobber2_pickaxe_end":1,"minecraft:diorite":4,"minecraft:oak_stairs":2,"minecraft:string":3,"minecraft:sweet_berries":3,"minecraft:netherite_ingot":2,"minecraft:raw_copper":32,"minecraft:tuff":18,"gobber2:gobber2_gooey_beef":3,"minecraft:chicken":1,"gobber2:gobber2_globette":8,"minecraft:filled_map":1,"minecraft:diamond_sword":2,"ironfurnaces:copper_furnace":1,"gobber2:gobber2_rod_end":1,"minecraft:diamond_pickaxe":1,"minecraft:andesite":17,"minecraft:stone_bricks":2,"minecraft:stone_pickaxe":1,"minecraft:wooden_pickaxe":1,"gobber2:gobber2_foo_end":4}},"DataVersion":3465}