{"stats":{"minecraft:crafted":{"minecraft:crafting_table":4,"minecraft:wooden_pickaxe":1,"minecraft:furnace":1,"minecraft:copper_ingot":8,"minecraft:stone_axe":2,"minecraft:air":276,"minecraft:jungle_planks":86,"ironfurnaces:copper_furnace":1,"minecraft:stick":2,"minecraft:iron_ingot":0,"minecraft:iron_pickaxe":1,"minecraft:stone_pickaxe":1,"minecraft:wooden_axe":4},"minecraft:picked_up":{"minecraft:crafting_table":2,"minecraft:chicken":1,"minecraft:jungle_log":352,"gobber2:gobber2_gooey_beefstew":1,"minecraft:dirt":1,"minecraft:raw_copper":80,"cobblemon:black_apricorn":12,"gobber2:gobber2_gooey_beef":1,"minecraft:wheat_seeds":1,"cobblemon:green_apricorn":5,"ironfurnaces:augment_speed":2,"minecraft:jungle_sapling":15,"minecraft:spruce_slab":1,"minecraft:melon_slice":43,"gobber2:gobber2_gooey_bread":1,"minecraft:furnace":1,"minecraft:stick":33,"minecraft:raw_iron":4,"cobblemon:apricorn_log":10,"cobblemon:black_apricorn_seed":1,"minecraft:spruce_stairs":1,"minecraft:diorite":2,"gobber2:gobber2_foo":1,"ironfurnaces:copper_furnace":2,"gobber2:gobber2_goo":1,"minecraft:coal":28,"minecraft:cobblestone":33},"minecraft:dropped":{"minecraft:wheat_seeds":1,"minecraft:chicken":1,"minecraft:jungle_planks":44,"minecraft:spruce_stairs":1,"minecraft:dirt":1,"cobblemon:apricorn_log":9,"minecraft:diorite":2,"minecraft:jungle_sapling":11,"minecraft:spruce_slab":1,"minecraft:stone_pickaxe":1,"minecraft:wooden_pickaxe":1},"minecraft:used":{"ironfurnaces:copper_furnace":2,"gobber2:gobber2_goo":1,"minecraft:stone_pickaxe":68,"gobber2:gobber2_gooey_bread":1,"minecraft:wooden_pickaxe":3,"minecraft:crafting_table":5,"minecraft:jungle_planks":13,"minecraft:wooden_axe":4,"gobber2:gobber2_gooey_beefstew":1,"minecraft:melon_slice":5,"minecraft:iron_pickaxe":14,"minecraft:stone_axe":10,"minecraft:cobblestone":2,"minecraft:furnace":1,"minecraft:cooked_beef":3},"minecraft:custom":{"minecraft:interact_with_furnace":13,"lootr:looted_stat":3,"minecraft:interact_with_crafting_table":15,"minecraft:leave_game":1,"minecraft:time_since_death":37916,"minecraft:climb_one_cm":1691,"minecraft:time_since_rest":37916,"minecraft:sprint_one_cm":71035,"minecraft:damage_taken":685,"minecraft:walk_one_cm":48630,"minecraft:drop":23,"minecraft:swim_one_cm":44333,"minecraft:fly_one_cm":109070,"minecraft:crouch_one_cm":1291,"minecraft:play_time":37916,"minecraft:sneak_time":676,"minecraft:walk_under_water_one_cm":7232,"minecraft:jump":518,"minecraft:walk_on_water_one_cm":6445,"minecraft:total_world_time":37916,"minecraft:fall_one_cm":16260},"minecraft:mined":{"minecraft:crafting_table":2,"ironfurnaces:copper_furnace":2,"minecraft:grass_block":1,"minecraft:melon":9,"gobber2:gobber2_lucky_block":5,"minecraft:jungle_log":3,"minecraft:copper_ore":13,"minecraft:cobblestone":1,"minecraft:diorite":2,"minecraft:spruce_stairs":1,"minecraft:furnace":1,"minecraft:iron_ore":4,"minecraft:grass":7,"minecraft:coal_ore":19,"minecraft:vine":3,"minecraft:stone":33,"minecraft:oak_leaves":3,"minecraft:spruce_slab":1,"minecraft:fern":1},"minecraft:broken":{"minecraft:wooden_axe":4}},"DataVersion":3465}