{"stats":{"minecraft:dropped":{"minecraft:sweet_berries":3,"minecraft:wheat_seeds":1,"minecraft:cobbled_deepslate":3,"minecraft:raw_copper":32,"minecraft:wheat":4,"minecraft:chicken":1,"minecraft:feather":1,"minecraft:cobblestone":10,"minecraft:jungle_planks":108,"minecraft:copper_ingot":8,"minecraft:spruce_stairs":1,"cobblemon:oran_berry":1,"minecraft:dirt":13,"ironfurnaces:copper_furnace":1,"cobblemon:apricorn_log":9,"minecraft:diorite":4,"minecraft:andesite":2,"minecraft:seagrass":2,"minecraft:jungle_sapling":11,"minecraft:spruce_slab":1,"minecraft:wooden_pickaxe":1,"minecraft:beef":3,"minecraft:stone_pickaxe":1,"minecraft:string":2,"minecraft:netherrack":1},"minecraft:broken":{"minecraft:wooden_axe":4},"minecraft:used":{"ironfurnaces:copper_furnace":3,"gobber2:gobber2_goo":4,"minecraft:stone_pickaxe":68,"gobber2:gobber2_gooey_bread":1,"minecraft:wooden_pickaxe":3,"minecraft:crafting_table":8,"minecraft:jungle_planks":34,"minecraft:obsidian":2,"minecraft:wooden_axe":4,"minecraft:diamond_pickaxe":19,"gobber2:gobber2_gooey_beefstew":1,"minecraft:command_block":1,"minecraft:melon_slice":5,"minecraft:iron_pickaxe":225,"minecraft:stone_axe":16,"gobber2:gobber2_gooey_beef":1,"ironfurnaces:iron_furnace":1,"minecraft:cobblestone":17,"minecraft:furnace":1,"minecraft:cooked_beef":3,"minecraft:cobbled_deepslate":2,"minecraft:golden_axe":1},"minecraft:picked_up":{"minecraft:seagrass":2,"minecraft:crafting_table":4,"minecraft:wheat":4,"minecraft:feather":1,"travelersbackpack:bat":1,"minecraft:chicken":1,"minecraft:andesite":2,"minecraft:jungle_log":352,"gobber2:gobber2_gooey_beefstew":1,"minecraft:dirt":13,"megamons:anistarite_geode_block":23,"minecraft:string":2,"minecraft:raw_copper":80,"minecraft:wheat_seeds":1,"gobber2:gobber2_gooey_beef":1,"cobblemon:black_apricorn":12,"minecraft:cobbled_deepslate":9,"minecraft:raw_gold":29,"cobblemon:green_apricorn":5,"minecraft:beef":3,"ironfurnaces:augment_speed":4,"cobblemon:oran_berry":1,"minecraft:jungle_sapling":15,"minecraft:spruce_slab":1,"minecraft:melon_slice":43,"ironfurnaces:iron_furnace":1,"gobber2:gobber2_gooey_bread":1,"minecraft:furnace":1,"minecraft:stick":34,"minecraft:raw_iron":79,"cobblemon:apricorn_log":10,"minecraft:sweet_berries":3,"cobblemon:black_apricorn_seed":1,"minecraft:spruce_stairs":1,"minecraft:diorite":4,"megamons:anistarite_rough_geode_block":1,"gobber2:gobber2_foo":2,"minecraft:diamond":9,"ironfurnaces:copper_furnace":3,"minecraft:netherrack":1,"minecraft:coal":102,"gobber2:gobber2_goo":4,"minecraft:cobblestone":116},"minecraft:mined":{"megamons:anistarite_rough_geode_block":1,"minecraft:deepslate_redstone_ore":1,"megamons:anistarite_geode_block":18,"minecraft:deepslate_diamond_ore":4,"ironfurnaces:iron_furnace":1,"minecraft:crafting_table":4,"ironfurnaces:copper_furnace":3,"minecraft:grass_block":1,"minecraft:melon":9,"gobber2:gobber2_lucky_block":8,"minecraft:jungle_log":3,"minecraft:copper_ore":13,"minecraft:cobblestone":3,"minecraft:deepslate_gold_ore":9,"minecraft:diorite":4,"minecraft:spawner":2,"minecraft:spruce_stairs":1,"minecraft:magma_block":2,"minecraft:furnace":1,"minecraft:iron_ore":14,"cobblemon:deepslate_thunder_stone_ore":1,"gobber2:gobber2_lucky_block_deepslate":1,"minecraft:grass":11,"minecraft:coal_ore":47,"minecraft:deepslate_iron_ore":42,"minecraft:vine":3,"minecraft:dirt":7,"cobblemon:sun_stone_ore":1,"minecraft:stone":118,"minecraft:netherrack":2,"minecraft:gold_ore":3,"minecraft:oak_leaves":3,"minecraft:spruce_slab":1,"minecraft:deepslate":8,"minecraft:fern":1},"minecraft:custom":{"lootr:looted_stat":8,"minecraft:interact_with_furnace":25,"minecraft:mob_kills":1,"minecraft:interact_with_crafting_table":21,"goblintraders:trade_with_goblin":32,"minecraft:leave_game":2,"minecraft:time_since_death":85918,"minecraft:climb_one_cm":2241,"minecraft:time_since_rest":85918,"minecraft:sprint_one_cm":173484,"minecraft:damage_taken":1228,"minecraft:walk_one_cm":117858,"minecraft:drop":47,"minecraft:damage_dealt":566,"minecraft:swim_one_cm":57631,"minecraft:fly_one_cm":305017,"minecraft:crouch_one_cm":2570,"minecraft:play_time":85918,"minecraft:sneak_time":1222,"minecraft:walk_under_water_one_cm":9517,"minecraft:jump":1406,"minecraft:walk_on_water_one_cm":11204,"minecraft:total_world_time":85918,"minecraft:fall_one_cm":41408},"minecraft:crafted":{"minecraft:emerald":2,"minecraft:crafting_table":5,"minecraft:wooden_pickaxe":1,"minecraft:furnace":2,"ironfurnaces:iron_furnace":1,"minecraft:copper_ingot":8,"minecraft:stone_axe":2,"minecraft:air":281,"minecraft:jungle_planks":86,"ironfurnaces:copper_furnace":1,"minecraft:diamond_pickaxe":1,"minecraft:stick":3,"minecraft:iron_ingot":60,"minecraft:iron_pickaxe":1,"minecraft:stone_pickaxe":1,"minecraft:wooden_axe":4},"minecraft:killed":{"minecraft:turtle":1}},"DataVersion":3465}